{"metadata":{"asset_id":"1918a30b-bd90-4ac9-8b32-ad5ccae81b69","asset_type":"connection","asset_category":"USER","create_time":"2021-02-17T17:16:53.000Z","creator_id":"IBMid-55000AU73E","project_id":"7c0b1429-c289-416e-844a-aad1b9c15c9b","tags":[],"usage":{"last_access_time":"2021-02-17T17:16:53.861Z","last_accessor_id":"iam-ServiceId-f49c5558-c247-4983-a04f-7d3c7a3d55da","access_count":0}},"entity":{"datasource_type":"cfdcb449-1204-44ba-baa6-9a8a878e6aa7","description":"Db2 Warehouse on Cloud","name":"Db2 WoC","origin_country":"us","owner_id":"IBMid-55000AU73E","rov":{"mode":0},"properties":{"database":"BLUDB","password":"tQ1V_l1AomN4A9dFUlkOZ3cQ5I87_","sg_service_url":"https://sgmanager.ng.bluemix.net","port":"50001","host":"db2w-jlzfrvt.us-east.db2w.cloud.ibm.com","ssl":"true","username":"bluadmin"},"interaction_properties":{"source":[{"name":"byte_limit","type":"string","label":"Byte Limit","description":"The maximum number of bytes to return. Use any of these suffixes; KB, MB, GB, or TB","placeholder":"100MB","required":false,"masked":false,"hidden":false,"readonly":false,"multiline":false,"user_defined":false},{"name":"rcp","type":"boolean","label":"Infer Schema","description":"Obtain the schema from the data source","required":false,"masked":false,"hidden":true,"readonly":false,"multiline":false,"default_value":"true","user_defined":false},{"name":"row_limit","type":"integer","label":"Row Limit","description":"The maximum number of rows to return","placeholder":"1000","required":false,"masked":false,"hidden":false,"readonly":false,"multiline":false,"user_defined":false},{"name":"schema_name","type":"string","label":"Schema Name","description":"The name of the schema that contains the table to read from","required":false,"masked":false,"hidden":false,"readonly":false,"multiline":false,"user_defined":false},{"name":"select_statement","type":"string","label":"Select Statement","description":"The SQL SELECT statement for retrieving data from the table","required":true,"masked":false,"hidden":false,"readonly":false,"multiline":true,"user_defined":false},{"name":"table_name","type":"string","label":"Table Name","description":"The name of the table to read from","required":true,"masked":false,"hidden":false,"readonly":false,"multiline":false,"user_defined":false}],"target":[{"name":"create_statement","type":"string","label":"Create Statement","description":"The Create DDL statement for recreating the target table","required":false,"masked":false,"hidden":false,"readonly":false,"multiline":false,"user_defined":false},{"name":"existing_table_action","type":"enum","label":"Table Action","description":"The action to take on the target table, if it already exists, to handle the existing and new data sets","required":false,"masked":false,"hidden":true,"readonly":false,"multiline":false,"default_value":"append","values":[{"value":"append","label":"Append"},{"value":"merge","label":"Merge"},{"value":"replace","label":"Replace"},{"value":"truncate","label":"Truncate"},{"value":"update","label":"Updated"}],"user_defined":false},{"name":"key_column_names","type":"string","label":"Key Column Names","description":"A comma separated list of column names to override the primary key used during an update or merge","required":false,"masked":false,"hidden":false,"readonly":false,"multiline":false,"user_defined":false},{"name":"schema_name","type":"string","label":"Schema Name","description":"The name of the schema that contains the table to write to","required":false,"masked":false,"hidden":false,"readonly":false,"multiline":false,"user_defined":false},{"name":"static_statement","type":"string","label":"Static Statement","description":"The SQL used for setup operations, for example a CREATE statement","required":true,"masked":false,"hidden":false,"readonly":false,"multiline":true,"user_defined":false},{"name":"table_action","type":"enum","label":"Table Action","description":"The action to take on the target table to handle the new data set","required":false,"masked":false,"hidden":false,"readonly":false,"multiline":false,"default_value":"append","values":[{"value":"append","label":"Append"},{"value":"replace","label":"Replace"},{"value":"truncate","label":"Truncate"}],"user_defined":false},{"name":"table_name","type":"string","label":"Table Name","description":"The name of the table to write to","required":false,"masked":false,"hidden":false,"readonly":false,"multiline":false,"user_defined":false},{"name":"update_statement","type":"string","label":"Update Statement","description":"The SQL INSERT, UPDATE, MERGE, or DELETE statement for updating data in the table.","required":false,"masked":false,"hidden":false,"readonly":false,"multiline":true,"user_defined":false},{"name":"write_mode","type":"enum","label":"Write Mode","description":"The mode for writing records to the target table","required":false,"masked":false,"hidden":false,"readonly":false,"multiline":false,"default_value":"insert","values":[{"value":"insert","label":"Insert"},{"value":"merge","label":"Merge"},{"value":"update","label":"Update"}],"user_defined":false}]}}}
