{"metadata":{"asset_id":"3f44e869-d3fd-464a-9e77-b3cb02cf67d4","asset_attributes":["data_asset"],"name":"BreastCancerLabels.csv","asset_type":"data_asset","created_at":"2021-02-17T17:16:54Z","description":"","origin_country":"us","owner_id":"IBMid-55000AU73E","project_id":"7c0b1429-c289-416e-844a-aad1b9c15c9b","size":8215,"tags":[],"usage":{"last_update_time":1613582215191,"last_updated_at":"2021-02-17T17:16:55Z"}},"entity":{"data_asset":{"mime_type":"text/csv","dataset":false}},"attachments":[{"id":"fe64beac-2585-405c-a671-8659ab264d92","version":2,"asset_type":"data_asset","name":"BreastCancerLabels.csv","mime":"text/csv","datasource_type":"193a97c1-4475-4a19-b90c-295c4fdc6517","object_key":"BreastCancerLabels.csv","creator_id":"iam-ServiceId-f49c5558-c247-4983-a04f-7d3c7a3d55da","create_time":1613582215097,"size":8215,"is_remote":false,"is_managed":false,"is_referenced":true,"is_object_key_read_only":false,"is_user_provided_path_key":true,"transfer_complete":true,"is_partitioned":false,"complete_time_ticks":1613582215097,"user_data":{},"test_doc":0,"handle":{"bucket":"uwdatasciencebazaar-donotdelete-pr-ozupjbybcvrlxq","location":"us-geo","key":"BreastCancerLabels.csv","upload_id":"done","max_part_num":1},"usage":{"access_count":0,"last_accessor_id":"iam-ServiceId-f49c5558-c247-4983-a04f-7d3c7a3d55da","last_access_time":1613582215097}}]}
