{"metadata":{"asset_id":"a83950df-b5c1-4a4f-bc50-652182c7dfc2","asset_attributes":["data_asset"],"name":"PatientData.csv","asset_type":"data_asset","created_at":"2021-02-17T17:23:37Z","description":"","origin_country":"us","owner_id":"IBMid-55000AU73E","project_id":"7c0b1429-c289-416e-844a-aad1b9c15c9b","size":406115,"tags":[],"usage":{"last_update_time":1613582617856,"last_updated_at":"2021-02-17T17:23:37Z"}},"entity":{"data_asset":{"mime_type":"text/csv","dataset":false}},"attachments":[{"id":"4e191021-4ba1-4a94-adc6-1871b76220c9","version":2,"asset_type":"data_asset","name":"PatientData.csv","mime":"text/csv","datasource_type":"193a97c1-4475-4a19-b90c-295c4fdc6517","object_key":"PatientData.csv","creator_id":"IBMid-55000AU73E","create_time":1613582617856,"size":406115,"is_remote":false,"is_managed":false,"is_referenced":true,"is_object_key_read_only":true,"is_user_provided_path_key":true,"transfer_complete":true,"is_partitioned":false,"complete_time_ticks":1613582617856,"user_data":{},"test_doc":0,"handle":{"bucket":"uwdatasciencebazaar-donotdelete-pr-ozupjbybcvrlxq","location":"us-geo","key":"PatientData.csv","upload_id":"done","max_part_num":1},"usage":{"access_count":0,"last_accessor_id":"IBMid-55000AU73E","last_access_time":1613582617856}}]}
