{"metadata":{"asset_id":"03621a4b-1baf-409c-ab79-bb8b99cd304b","asset_attributes":["data_asset"],"name":"BreastCancerFull.csv","asset_type":"data_asset","created_at":"2021-02-17T17:16:54Z","description":"","origin_country":"us","owner_id":"IBMid-55000AU73E","project_id":"7c0b1429-c289-416e-844a-aad1b9c15c9b","size":163530,"tags":[],"usage":{"last_update_time":1613582215192,"last_updated_at":"2021-02-17T17:16:55Z"}},"entity":{"data_asset":{"mime_type":"text/csv","dataset":true}},"attachments":[{"id":"2e2a184f-1d1d-43e5-bee3-226ff2508f75","version":2,"asset_type":"data_asset","name":"BreastCancerFull.csv","mime":"text/csv","datasource_type":"193a97c1-4475-4a19-b90c-295c4fdc6517","object_key":"data_asset/BreastCancerFull_csv_6l4apxncpvjso6msb2mk5jjex.csv","creator_id":"iam-ServiceId-f49c5558-c247-4983-a04f-7d3c7a3d55da","create_time":1613582215049,"size":163530,"is_remote":false,"is_managed":false,"is_referenced":true,"is_object_key_read_only":false,"is_user_provided_path_key":true,"transfer_complete":true,"is_partitioned":false,"complete_time_ticks":1613582215049,"user_data":{},"test_doc":0,"handle":{"bucket":"uwdatasciencebazaar-donotdelete-pr-ozupjbybcvrlxq","location":"us-geo","key":"data_asset/BreastCancerFull_csv_6l4apxncpvjso6msb2mk5jjex.csv","upload_id":"done","max_part_num":1},"usage":{"access_count":0,"last_accessor_id":"iam-ServiceId-f49c5558-c247-4983-a04f-7d3c7a3d55da","last_access_time":1613582215049}}]}
