{"metadata":{"asset_id":"fc67bf39-24d3-44af-94a0-eb60ff292b74","asset_attributes":["data_asset"],"name":"h192.csv","asset_type":"data_asset","created_at":"2021-02-17T17:21:13Z","description":"","origin_country":"us","owner_id":"IBMid-55000AU73E","project_id":"7c0b1429-c289-416e-844a-aad1b9c15c9b","size":159216264,"tags":[],"usage":{"last_update_time":1613582476629,"last_updated_at":"2021-02-17T17:21:16Z"}},"entity":{"data_asset":{"mime_type":"text/csv","dataset":false}},"attachments":[{"id":"0175e5fd-fd01-42a0-a126-67677d918d25","version":2,"asset_type":"data_asset","name":"h192.csv","mime":"text/csv","datasource_type":"193a97c1-4475-4a19-b90c-295c4fdc6517","object_key":"h192.csv","creator_id":"IBMid-55000AU73E","create_time":1613582476629,"size":159216264,"is_remote":false,"is_managed":false,"is_referenced":true,"is_object_key_read_only":true,"is_user_provided_path_key":true,"transfer_complete":true,"is_partitioned":false,"complete_time_ticks":1613582476629,"user_data":{},"test_doc":0,"handle":{"bucket":"uwdatasciencebazaar-donotdelete-pr-ozupjbybcvrlxq","location":"us-geo","key":"h192.csv","upload_id":"done","max_part_num":1},"usage":{"access_count":0,"last_accessor_id":"IBMid-55000AU73E","last_access_time":1613582476629}}]}
