{"metadata":{"asset_id":"74ec5bc7-7796-423d-b896-b37ddea3dd36","asset_attributes":["data_asset"],"name":"BREASTCANCEROBS","asset_type":"data_asset","created_at":"2021-02-17T17:16:54Z","description":"Breast Cancer Tumor Features","origin_country":"none","owner_id":"IBMid-55000AU73E","project_id":"7c0b1429-c289-416e-844a-aad1b9c15c9b","size":0,"tags":["connected-data"],"usage":{"last_update_time":1613582214519,"last_updated_at":"2021-02-17T17:16:54Z"}},"entity":{"data_asset":{"mime_type":"application/octet-stream","dataset":true,"columns":[{"name":"id","type":{"length":10,"nullable":true,"type":"integer","scale":0,"signed":true}},{"name":"radius_mean","type":{"length":7,"nullable":true,"type":"decimal","scale":3,"signed":true}},{"name":"texture_mean","type":{"length":6,"nullable":true,"type":"decimal","scale":2,"signed":true}},{"name":"perimeter_mean","type":{"length":6,"nullable":true,"type":"decimal","scale":2,"signed":true}},{"name":"area_mean","type":{"length":6,"nullable":true,"type":"decimal","scale":1,"signed":true}},{"name":"smoothness_mean","type":{"length":11,"nullable":true,"type":"decimal","scale":5,"signed":true}},{"name":"compactness_mean","type":{"length":11,"nullable":true,"type":"decimal","scale":5,"signed":true}},{"name":"concavity_mean","type":{"length":15,"nullable":true,"type":"decimal","scale":7,"signed":true}},{"name":"concave points_mean","type":{"length":13,"nullable":true,"type":"decimal","scale":6,"signed":true}},{"name":"symmetry_mean","type":{"length":8,"nullable":true,"type":"decimal","scale":4,"signed":true}},{"name":"fractal_dimension_mean","type":{"length":11,"nullable":true,"type":"decimal","scale":5,"signed":true}},{"name":"radius_se","type":{"length":8,"nullable":true,"type":"decimal","scale":4,"signed":true}},{"name":"texture_se","type":{"length":8,"nullable":true,"type":"decimal","scale":4,"signed":true}},{"name":"perimeter_se","type":{"length":8,"nullable":true,"type":"decimal","scale":4,"signed":true}},{"name":"area_se","type":{"length":7,"nullable":true,"type":"decimal","scale":3,"signed":true}},{"name":"smoothness_se","type":{"length":13,"nullable":true,"type":"decimal","scale":6,"signed":true}},{"name":"compactness_se","type":{"length":13,"nullable":true,"type":"decimal","scale":6,"signed":true}},{"name":"concavity_se","type":{"length":15,"nullable":true,"type":"decimal","scale":7,"signed":true}},{"name":"concave points_se","type":{"length":13,"nullable":true,"type":"decimal","scale":6,"signed":true}},{"name":"symmetry_se","type":{"length":13,"nullable":true,"type":"decimal","scale":6,"signed":true}},{"name":"fractal_dimension_se","type":{"length":15,"nullable":true,"type":"decimal","scale":7,"signed":true}},{"name":"radius_worst","type":{"length":7,"nullable":true,"type":"decimal","scale":3,"signed":true}},{"name":"texture_worst","type":{"length":6,"nullable":true,"type":"decimal","scale":2,"signed":true}},{"name":"perimeter_worst","type":{"length":6,"nullable":true,"type":"decimal","scale":2,"signed":true}},{"name":"area_worst","type":{"length":6,"nullable":true,"type":"decimal","scale":1,"signed":true}},{"name":"smoothness_worst","type":{"length":11,"nullable":true,"type":"decimal","scale":5,"signed":true}},{"name":"compactness_worst","type":{"length":11,"nullable":true,"type":"decimal","scale":5,"signed":true}},{"name":"concavity_worst","type":{"length":13,"nullable":true,"type":"decimal","scale":6,"signed":true}},{"name":"concave points_worst","type":{"length":13,"nullable":true,"type":"decimal","scale":6,"signed":true}},{"name":"symmetry_worst","type":{"length":8,"nullable":true,"type":"decimal","scale":4,"signed":true}},{"name":"fractal_dimension_worst","type":{"length":11,"nullable":true,"type":"decimal","scale":5,"signed":true}}]}},"attachments":[{"id":"ef885c55-1217-428f-bb20-259a3bda10c3","version":2,"asset_type":"data_asset","name":"BREASTCANCEROBS","description":"remote","mime":"application/octet-stream","connection_id":"1918a30b-bd90-4ac9-8b32-ad5ccae81b69","connection_path":"/EDW/BREASTCANCEROBS","datasource_type":"cfdcb449-1204-44ba-baa6-9a8a878e6aa7","creator_id":"iam-ServiceId-f49c5558-c247-4983-a04f-7d3c7a3d55da","create_time":1613582214288,"size":0,"is_remote":true,"is_managed":false,"is_referenced":false,"is_object_key_read_only":false,"is_user_provided_path_key":true,"transfer_complete":true,"is_partitioned":false,"complete_time_ticks":1613582214288,"user_data":{},"test_doc":0,"usage":{"access_count":0,"last_accessor_id":"iam-ServiceId-f49c5558-c247-4983-a04f-7d3c7a3d55da","last_access_time":1613582214288}}]}
