{"metadata":{"asset_id":"daa5f6f1-dc53-42a0-9a10-a3b91dc1e97c","asset_attributes":["data_flow"],"name":"BREASTCANCERFULL_flow","asset_type":"data_flow","created_at":"2021-02-17T17:16:56Z","description":"","origin_country":"us","owner_id":"IBMid-55000AU73E","project_id":"7c0b1429-c289-416e-844a-aad1b9c15c9b","size":4390,"tags":[],"usage":{"last_update_time":1613582216905,"last_updated_at":"2021-02-17T17:16:56Z"}},"entity":{"data_flow":{"_entity_only":false}},"attachments":[{"id":"a2f4cd7b-3322-4c7d-9f79-1b020292f10b","version":2,"asset_type":"data_flow","name":"data_flow","description":"","mime":"application/json","datasource_type":"193a97c1-4475-4a19-b90c-295c4fdc6517","object_key":"data_flow/BREASTCANCERFULL_flow","creator_id":"iam-ServiceId-f49c5558-c247-4983-a04f-7d3c7a3d55da","create_time":1613582216795,"size":4390,"is_remote":false,"is_managed":false,"is_referenced":true,"is_object_key_read_only":false,"is_user_provided_path_key":true,"transfer_complete":true,"is_partitioned":false,"complete_time_ticks":1613582216795,"user_data":{},"test_doc":0,"handle":{"bucket":"uwdatasciencebazaar-donotdelete-pr-ozupjbybcvrlxq","location":"us-geo","key":"data_flow/BREASTCANCERFULL_flow","upload_id":"done","max_part_num":1},"usage":{"access_count":0,"last_accessor_id":"iam-ServiceId-f49c5558-c247-4983-a04f-7d3c7a3d55da","last_access_time":1613582216795}}]}
