{"metadata":{"asset_id":"78eef07d-8dcf-4d91-9a9d-e9690032fc21","asset_attributes":["job"],"name":"Export Full Dataset","asset_type":"job","created_at":"2021-02-17T17:16:58Z","description":"Create full dataset for tumor observations from data refinery flow","origin_country":"us","owner_id":"IBMid-55000AU73E","project_id":"7c0b1429-c289-416e-844a-aad1b9c15c9b","size":0,"tags":[],"usage":{"last_update_time":1613582218865,"last_updated_at":"2021-02-17T17:16:58Z"}},"entity":{"job":{"asset_ref_type":"data_flow","configuration":{"env_id":"shaper_rruntime","env_name":"Default Data Refinery XS","env_type":"shaper_rruntime","env_variables":[]},"last_run_initiator":"None","last_run_time":"","last_run_status":"None","last_run_status_timestamp":0,"future_scheduled_runs":[],"project_name":"UW Data Science Bazaar","asset_ref":"daa5f6f1-dc53-42a0-9a10-a3b91dc1e97c","schedule_id":"","schedule_creator_id":""}}}
