{"metadata":{"asset_id":"04583fb9-d02b-48d2-913e-44e0aade146f","asset_attributes":["notebook"],"name":"Deep Learning for COVID 19","asset_type":"notebook","created_at":"2021-02-17T18:43:39Z","description":"","origin_country":"us","owner_id":"IBMid-55000AU73E","project_id":"7c0b1429-c289-416e-844a-aad1b9c15c9b","size":3111829,"tags":["notebook"],"usage":{"last_update_time":1613587468432,"last_updated_at":"2021-02-17T18:44:28Z"}},"entity":{"notebook":{"kernel":{"name":"python3","display_name":"Python 3.7","language":"python"},"originates_from":{"type":"file"},"runtime":{"environment":"conda2py37-7c0b1429-c289-416e-844a-aad1b9c15c9b"}}},"attachments":[{"id":"7374b803-90f1-4a1c-9a3d-4c937fd2c1e6","version":2,"asset_type":"notebook","name":"attachment for notebook 04583fb9-d02b-48d2-913e-44e0aade146f","description":"attachment for notebook 04583fb9-d02b-48d2-913e-44e0aade146f","mime":"application/json","datasource_type":"193a97c1-4475-4a19-b90c-295c4fdc6517","object_key":"notebook/Deep_Learning_for_COVID_19_-I7GrsTcY.ipynb","creator_id":"IBMid-55000AU73E","create_time":1613587420125,"size":3111829,"is_remote":false,"is_managed":false,"is_referenced":true,"is_object_key_read_only":false,"is_user_provided_path_key":true,"transfer_complete":true,"is_partitioned":false,"complete_time_ticks":1613587420125,"user_data":{},"test_doc":0,"handle":{"bucket":"uwdatasciencebazaar-donotdelete-pr-ozupjbybcvrlxq","location":"us-geo","key":"notebook/Deep_Learning_for_COVID_19_-I7GrsTcY.ipynb","upload_id":"done","max_part_num":1},"usage":{"access_count":0,"last_accessor_id":"IBMid-55000AU73E","last_access_time":1613587420125}}]}
