{"metadata":{"asset_id":"3260614e-5266-462a-ad9b-2048cad85d89","asset_attributes":["notebook"],"name":"Medical Expenditure Bias Mitigation","asset_type":"notebook","created_at":"2021-02-17T17:16:55Z","description":"Bias Handling for Medical Expenditures","origin_country":"us","owner_id":"iam-ServiceId-9e68bc5f-c5f6-4f6f-8bcf-e57f47b9d1b1","project_id":"7c0b1429-c289-416e-844a-aad1b9c15c9b","size":1396716,"tags":["notebook"],"usage":{"last_update_time":1613584882434,"last_updated_at":"2021-02-17T18:01:22Z"}},"entity":{"notebook":{"kernel":{"name":"python3","display_name":"Python 3.7","language":"python"},"originates_from":{"type":"file"},"runtime":{"environment":"conda1py37-7c0b1429-c289-416e-844a-aad1b9c15c9b"}}},"attachments":[{"id":"ab4c2a1b-982d-47b5-b427-b3f64af1244d","version":2,"asset_type":"notebook","name":"attachment for notebook 3260614e-5266-462a-ad9b-2048cad85d89","description":"attachment for notebook 3260614e-5266-462a-ad9b-2048cad85d89","mime":"application/json","datasource_type":"193a97c1-4475-4a19-b90c-295c4fdc6517","object_key":"notebook/Medical_Expenditure_Bias_Mitigation_JKdB8gK4Y.ipynb","creator_id":"IBMid-55000AU73E","create_time":1613582216673,"size":1396716,"is_remote":false,"is_managed":false,"is_referenced":true,"is_object_key_read_only":false,"is_user_provided_path_key":true,"transfer_complete":true,"is_partitioned":false,"complete_time_ticks":1613582216673,"user_data":{},"test_doc":0,"handle":{"bucket":"uwdatasciencebazaar-donotdelete-pr-ozupjbybcvrlxq","location":"us-geo","key":"notebook/Medical_Expenditure_Bias_Mitigation_JKdB8gK4Y.ipynb","upload_id":"done","max_part_num":1},"usage":{"access_count":0,"last_accessor_id":"IBMid-55000AU73E","last_access_time":1613582216673}}]}
