{"metadata":{"asset_id":"75600172-d97f-496e-aad0-4bea99871505","asset_attributes":["notebook"],"name":"CASTER","asset_type":"notebook","created_at":"2021-02-17T18:15:53Z","description":"","origin_country":"us","owner_id":"IBMid-55000AU73E","project_id":"7c0b1429-c289-416e-844a-aad1b9c15c9b","size":88472,"tags":["notebook"],"usage":{"last_update_time":1613585753935,"last_updated_at":"2021-02-17T18:15:53Z"}},"entity":{"notebook":{"kernel":"","originates_from":{"type":"file"},"runtime":{"environment":"conda2py37-7c0b1429-c289-416e-844a-aad1b9c15c9b"}}},"attachments":[{"id":"0b78e689-001a-4105-9a97-f4fb145f3f53","version":2,"asset_type":"notebook","name":"attachment for notebook 75600172-d97f-496e-aad0-4bea99871505","description":"attachment for notebook 75600172-d97f-496e-aad0-4bea99871505","mime":"application/json","datasource_type":"193a97c1-4475-4a19-b90c-295c4fdc6517","object_key":"notebook/CASTER_WzparYrHf.ipynb","creator_id":"IBMid-55000AU73E","create_time":1613585753934,"size":88472,"is_remote":false,"is_managed":false,"is_referenced":true,"is_object_key_read_only":false,"is_user_provided_path_key":true,"transfer_complete":true,"is_partitioned":false,"complete_time_ticks":1613585753934,"user_data":{},"test_doc":0,"handle":{"bucket":"uwdatasciencebazaar-donotdelete-pr-ozupjbybcvrlxq","location":"us-geo","key":"notebook/CASTER_WzparYrHf.ipynb","upload_id":"done","max_part_num":1},"usage":{"access_count":0,"last_accessor_id":"IBMid-55000AU73E","last_access_time":1613585753934}}]}
