{"metadata":{"asset_id":"abb2306f-c43c-4565-86c1-5819e8081bef","asset_attributes":["notebook"],"name":"XGBoost Tumor Classification with Decision Trees","asset_type":"notebook","created_at":"2021-02-17T17:16:55Z","description":"","origin_country":"us","owner_id":"iam-ServiceId-9e68bc5f-c5f6-4f6f-8bcf-e57f47b9d1b1","project_id":"7c0b1429-c289-416e-844a-aad1b9c15c9b","size":559681,"tags":["notebook"],"usage":{"last_update_time":1613592347320,"last_updated_at":"2021-02-17T20:05:47Z"}},"entity":{"notebook":{"kernel":{"name":"python3","display_name":"Python 3.7","language":"python"},"originates_from":{"type":"file"},"runtime":{"environment":"conda1py37-7c0b1429-c289-416e-844a-aad1b9c15c9b"}}},"attachments":[{"id":"bcc8ea51-74ef-4cd3-9957-e487cde6ad68","version":2,"asset_type":"notebook","name":"attachment for notebook abb2306f-c43c-4565-86c1-5819e8081bef","description":"attachment for notebook abb2306f-c43c-4565-86c1-5819e8081bef","mime":"application/json","datasource_type":"193a97c1-4475-4a19-b90c-295c4fdc6517","object_key":"notebook/XGBoost_Tumor_Classification_with_Decision_Trees_pDDDWELQd.ipynb","creator_id":"IBMid-55000AU73E","create_time":1613582216831,"size":559681,"is_remote":false,"is_managed":false,"is_referenced":true,"is_object_key_read_only":false,"is_user_provided_path_key":true,"transfer_complete":true,"is_partitioned":false,"complete_time_ticks":1613582216831,"user_data":{},"test_doc":0,"handle":{"bucket":"uwdatasciencebazaar-donotdelete-pr-ozupjbybcvrlxq","location":"us-geo","key":"notebook/XGBoost_Tumor_Classification_with_Decision_Trees_pDDDWELQd.ipynb","upload_id":"done","max_part_num":1},"usage":{"access_count":0,"last_accessor_id":"IBMid-55000AU73E","last_access_time":1613582216831}}]}
