{"metadata":{"asset_id":"89b60590-350e-4ffa-8893-25af6435ec63","asset_attributes":["notebook"],"name":"Health and Lifestyle Survey Responses","asset_type":"notebook","created_at":"2021-02-17T17:16:55Z","description":"In this tutorial, we showcase how the Protodash explainer algorithm from AI Explainability 360 Toolkit implemented through the ProtodashExplainer class could be used to summarize the National Health and Nutrition Examination Survey (NHANES) datasets available through the Center for Disease Control and Prevention (CDC). ","origin_country":"us","owner_id":"iam-ServiceId-9e68bc5f-c5f6-4f6f-8bcf-e57f47b9d1b1","project_id":"7c0b1429-c289-416e-844a-aad1b9c15c9b","size":21312,"tags":["notebook"],"usage":{"last_update_time":1613582216184,"last_updated_at":"2021-02-17T17:16:56Z"}},"entity":{"notebook":{"kernel":{"name":"python3","display_name":"Python 3.7","language":"python"},"originates_from":{"type":"file"},"runtime":{"environment":"conda1py37-7c0b1429-c289-416e-844a-aad1b9c15c9b"}}},"attachments":[{"id":"dd909d7b-f158-4801-ba10-2632470d22bd","version":2,"asset_type":"notebook","name":"attachment for notebook 89b60590-350e-4ffa-8893-25af6435ec63","description":"attachment for notebook 89b60590-350e-4ffa-8893-25af6435ec63","mime":"application/json","datasource_type":"193a97c1-4475-4a19-b90c-295c4fdc6517","object_key":"notebook/Health_and_Nutrtion_Survey_Responses_dpzfvgNDN.ipynb","creator_id":"IBMid-55000AU73E","create_time":1613582216184,"size":21312,"is_remote":false,"is_managed":false,"is_referenced":true,"is_object_key_read_only":false,"is_user_provided_path_key":true,"transfer_complete":true,"is_partitioned":false,"complete_time_ticks":1613582216184,"user_data":{},"test_doc":0,"handle":{"bucket":"uwdatasciencebazaar-donotdelete-pr-ozupjbybcvrlxq","location":"us-geo","key":"notebook/Health_and_Nutrtion_Survey_Responses_dpzfvgNDN.ipynb","upload_id":"done","max_part_num":1},"usage":{"access_count":0,"last_accessor_id":"IBMid-55000AU73E","last_access_time":1613582216184}}]}
