{"metadata":{"asset_id":"632ed606-7eb0-4a73-95d8-84327f22f136","asset_attributes":["notebook"],"name":"Breast Cancer Malignancy - P8 notebook","asset_type":"notebook","created_at":"2021-02-17T19:46:13Z","description":"","origin_country":"us","owner_id":"IBMid-55000AU73E","project_id":"7c0b1429-c289-416e-844a-aad1b9c15c9b","size":27286,"tags":[],"usage":{"last_update_time":1613591177629,"last_updated_at":"2021-02-17T19:46:17Z"}},"entity":{"notebook":{"kernel":{"display_name":"Python 3.7","name":"python3","language":"python"},"originates_from":{"type":"blank"},"runtime":{"environment":"conda4py37-7c0b1429-c289-416e-844a-aad1b9c15c9b"}}},"attachments":[{"id":"a3fad72f-1510-4ef6-9141-14cd6f0f22af","version":2,"asset_type":"notebook","name":"Breast Cancer Malignancy - P8 notebook","datasource_type":"193a97c1-4475-4a19-b90c-295c4fdc6517","creator_id":"IBMid-55000AU73E","create_time":1613591175655,"size":27286,"is_remote":false,"is_managed":true,"is_referenced":false,"is_object_key_read_only":false,"is_user_provided_path_key":false,"transfer_complete":true,"is_partitioned":false,"complete_time_ticks":1613591177628,"user_data":{},"test_doc":0,"handle":{"bucket":"uwdatasciencebazaar-donotdelete-pr-ozupjbybcvrlxq","location":"us-geo","type":"bluemix_cos","key":"9ec7aefa-dd5e-4b0f-9219-ef55b29bdc9a/632ed606-7eb0-4a73-95d8-84327f22f136/a3fad72f-1510-4ef6-9141-14cd6f0f22af","upload_id":"done","max_part_num":1},"usage":{"access_count":0,"last_accessor_id":"IBMid-55000AU73E","last_access_time":1613591175655}}]}
