{"metadata":{"asset_id":"3f438dbf-f4ae-47c8-bdf3-8982d80764ce","asset_attributes":["notebook"],"name":"Use XGBoost to classify tumors","asset_type":"notebook","created_at":"2021-02-17T17:16:55Z","description":"","origin_country":"us","owner_id":"iam-ServiceId-9e68bc5f-c5f6-4f6f-8bcf-e57f47b9d1b1","project_id":"7c0b1429-c289-416e-844a-aad1b9c15c9b","size":56019,"tags":["notebook"],"usage":{"last_update_time":1613591345123,"last_updated_at":"2021-02-17T19:49:05Z"}},"entity":{"notebook":{"kernel":{"name":"python3","display_name":"Python 3.7","language":"python"},"originates_from":{"type":"file"},"runtime":{"environment":"conda4py37-7c0b1429-c289-416e-844a-aad1b9c15c9b"}}},"attachments":[{"id":"194115e0-510d-4de6-b6a8-205c44110d3f","version":2,"asset_type":"notebook","name":"attachment for notebook 3f438dbf-f4ae-47c8-bdf3-8982d80764ce","description":"attachment for notebook 3f438dbf-f4ae-47c8-bdf3-8982d80764ce","mime":"application/json","datasource_type":"193a97c1-4475-4a19-b90c-295c4fdc6517","object_key":"notebook/Use_XGBoost_to_classify_tumors_OmtMHdUA2.ipynb","creator_id":"IBMid-55000AU73E","create_time":1613582216493,"size":56019,"is_remote":false,"is_managed":false,"is_referenced":true,"is_object_key_read_only":false,"is_user_provided_path_key":true,"transfer_complete":true,"is_partitioned":false,"complete_time_ticks":1613582216493,"user_data":{},"test_doc":0,"handle":{"bucket":"uwdatasciencebazaar-donotdelete-pr-ozupjbybcvrlxq","location":"us-geo","key":"notebook/Use_XGBoost_to_classify_tumors_OmtMHdUA2.ipynb","upload_id":"done","max_part_num":1},"usage":{"access_count":0,"last_accessor_id":"IBMid-55000AU73E","last_access_time":1613582216493}}]}
