{"metadata":{"asset_id":"09e95f6a-e8b6-47b4-be98-32cfb3100956","asset_attributes":["wml_model"],"name":"Breast Cancer Malignancy - P8 XGBClassifierEstimator","asset_type":"wml_model","created_at":"2021-02-17T19:46:07Z","description":"","origin_country":"us","owner_id":"IBMid-55000AU73E","project_id":"7c0b1429-c289-416e-844a-aad1b9c15c9b","sandbox_id":"7c0b1429-c289-416e-844a-aad1b9c15c9b","size":78915,"tags":[],"usage":{"last_update_time":1613591176807,"last_updated_at":"2021-02-17T19:46:16Z"}},"entity":{"wml_model":{"hybrid_pipeline_software_specs":[{"base_id":"632d4b22-10aa-5180-88f0-f52dfb6444d7","name":"autoai-kb_3.1-py3.7"}],"pipeline":{"id":"dacc1ade-95ff-49c2-8009-b2e2f731c820"},"ml_version":"4.0.8","type":"wml-hybrid_0.1","schemas":{"input":[{"fields":[{"name":"id","type":"integer"},{"name":"radius_mean","type":"double"},{"name":"texture_mean","type":"double"},{"name":"perimeter_mean","type":"double"},{"name":"area_mean","type":"double"},{"name":"smoothness_mean","type":"double"},{"name":"compactness_mean","type":"double"},{"name":"concavity_mean","type":"double"},{"name":"concave points_mean","type":"double"},{"name":"symmetry_mean","type":"double"},{"name":"fractal_dimension_mean","type":"double"},{"name":"radius_se","type":"double"},{"name":"texture_se","type":"double"},{"name":"perimeter_se","type":"double"},{"name":"area_se","type":"double"},{"name":"smoothness_se","type":"double"},{"name":"compactness_se","type":"double"},{"name":"concavity_se","type":"double"},{"name":"concave points_se","type":"double"},{"name":"symmetry_se","type":"double"},{"name":"fractal_dimension_se","type":"double"},{"name":"radius_worst","type":"double"},{"name":"texture_worst","type":"double"},{"name":"perimeter_worst","type":"double"},{"name":"area_worst","type":"double"},{"name":"smoothness_worst","type":"double"},{"name":"compactness_worst","type":"double"},{"name":"concavity_worst","type":"double"},{"name":"concave points_worst","type":"double"},{"name":"symmetry_worst","type":"double"},{"name":"fractal_dimension_worst","type":"double"}],"id":"auto_ai_kb_input_schema"}],"output":[]},"content_location":{"connection":{"access_key_id":"340bee3cab9f43169e52c554d33bb50e","endpoint_url":"https://s3-api.us-geo.objectstorage.softlayer.net","secret_access_key":"027aad832fff170943ad3302e50630f282e68746cc63297c","accessKeyId":"340bee3cab9f43169e52c554d33bb50e"},"contents":[{"content_format":"native","file_name":"pipeline_model.json","location":"auto_ml/420a6b71-3eb6-4a6c-b51e-5078caea5429/wml_data/b8301f43-4768-4595-b54f-2fb030f0a8af/assets/b8301f43-4768-4595-b54f-2fb030f0a8af_P8_hpo_c_output/resources/wml_model/pipeline_model.json"},{"content_format":"pipeline-node","file_name":"P8_automl.zip","location":"auto_ml/420a6b71-3eb6-4a6c-b51e-5078caea5429/wml_data/b8301f43-4768-4595-b54f-2fb030f0a8af/assets/b8301f43-4768-4595-b54f-2fb030f0a8af_P8_hpo_c_output/resources/wml_model/P8_automl.zip","pipeline_node_id":"automl"},{"content_format":"native","file_name":"pipeline_model.json","location":"auto_ml/420a6b71-3eb6-4a6c-b51e-5078caea5429/wml_data/b8301f43-4768-4595-b54f-2fb030f0a8af/assets/b8301f43-4768-4595-b54f-2fb030f0a8af_P8_hpo_c_output/resources/wml_model/pipeline_model.json"}],"location":{"path":"auto_ml/420a6b71-3eb6-4a6c-b51e-5078caea5429/wml_data","notebooks_path":"auto_ml/420a6b71-3eb6-4a6c-b51e-5078caea5429/wml_data/b8301f43-4768-4595-b54f-2fb030f0a8af/notebooks","training":"auto_ml/420a6b71-3eb6-4a6c-b51e-5078caea5429/wml_data/b8301f43-4768-4595-b54f-2fb030f0a8af","training_status":"auto_ml/420a6b71-3eb6-4a6c-b51e-5078caea5429/wml_data/b8301f43-4768-4595-b54f-2fb030f0a8af/training-status.json","bucket":"uwdatasciencebazaar-donotdelete-pr-ozupjbybcvrlxq","type":"s3","assets_path":"auto_ml/420a6b71-3eb6-4a6c-b51e-5078caea5429/wml_data/b8301f43-4768-4595-b54f-2fb030f0a8af/assets"},"type":"s3"},"training_data_references":[{"connection":{"endpoint_url":"https://s3-api.us-geo.objectstorage.softlayer.net","auth_endpoint":"https://iam.bluemix.net/oidc/token/","api_key":"5yYMh40yLE-8ZrZnkgd3xsAep3SlCimIcBFnD914egwq","secret_access_key":"027aad832fff170943ad3302e50630f282e68746cc63297c","access_key_id":"340bee3cab9f43169e52c554d33bb50e","service_instance_id":"iam-ServiceId-dee6d450-827d-4f8e-b27f-e16d6fe96ad5"},"location":{"bucket":"uwdatasciencebazaar-donotdelete-pr-ozupjbybcvrlxq","path":"data_asset/BreastCancerFull_csv_6l4apxncpvjso6msb2mk5jjex.csv","type":"s3"},"type":"s3"}],"software_spec":{"base_id":"8c1a58c6-62b5-4dc4-987a-df751c2756b6","name":"hybrid_0.1"},"content_import_state":"completed"}},"attachments":[{"id":"5c4e15bf-032f-41bb-84b7-d33ae85c031c","version":2,"asset_type":"wml_model","name":"P8_automl.zip","datasource_type":"193a97c1-4475-4a19-b90c-295c4fdc6517","creator_id":"IBMid-55000AU73E","create_time":1613591171271,"size":77159,"is_remote":false,"is_managed":true,"is_referenced":false,"is_object_key_read_only":false,"is_user_provided_path_key":false,"transfer_complete":true,"is_partitioned":false,"complete_time_ticks":1613591173033,"user_data":{"content_format":"pipeline-node","pipeline_node_id":"automl"},"test_doc":0,"handle":{"bucket":"uwdatasciencebazaar-donotdelete-pr-ozupjbybcvrlxq","location":"us-geo","type":"bluemix_cos","key":"9ec7aefa-dd5e-4b0f-9219-ef55b29bdc9a/09e95f6a-e8b6-47b4-be98-32cfb3100956/5c4e15bf-032f-41bb-84b7-d33ae85c031c","upload_id":"done","max_part_num":1},"usage":{"access_count":0,"last_accessor_id":"IBMid-55000AU73E","last_access_time":1613591171271}},{"id":"fd6d33e5-d360-44c9-8e04-bab648c8e619","version":2,"asset_type":"wml_model","name":"pipeline_model.json","datasource_type":"193a97c1-4475-4a19-b90c-295c4fdc6517","creator_id":"IBMid-55000AU73E","create_time":1613591175023,"size":1756,"is_remote":false,"is_managed":true,"is_referenced":false,"is_object_key_read_only":false,"is_user_provided_path_key":false,"transfer_complete":true,"is_partitioned":false,"complete_time_ticks":1613591176636,"user_data":{"content_format":"native"},"test_doc":0,"handle":{"bucket":"uwdatasciencebazaar-donotdelete-pr-ozupjbybcvrlxq","location":"us-geo","type":"bluemix_cos","key":"9ec7aefa-dd5e-4b0f-9219-ef55b29bdc9a/09e95f6a-e8b6-47b4-be98-32cfb3100956/fd6d33e5-d360-44c9-8e04-bab648c8e619","upload_id":"done","max_part_num":1},"usage":{"access_count":0,"last_accessor_id":"IBMid-55000AU73E","last_access_time":1613591175023}}]}
