{"metadata":{"asset_id":"dacc1ade-95ff-49c2-8009-b2e2f731c820","asset_attributes":["wml_pipeline"],"name":"Breast Cancer Malignancy","asset_type":"wml_pipeline","created_at":"2021-02-17T19:13:00Z","description":"","origin_country":"us","owner_id":"IBMid-55000AU73E","project_id":"7c0b1429-c289-416e-844a-aad1b9c15c9b","sandbox_id":"7c0b1429-c289-416e-844a-aad1b9c15c9b","size":0,"tags":["dsx-project.7c0b1429-c289-416e-844a-aad1b9c15c9b"],"usage":{"last_update_time":1613589180778,"last_updated_at":"2021-02-17T19:13:00Z"}},"entity":{"wml_pipeline":{"document":{"doc_type":"pipeline","pipelines":[{"id":"autoai","nodes":[{"id":"automl","op":"kube","parameters":{"output_logs":true,"input_file_separator":",","stage_flag":true,"optimization":{"compute_pipeline_notebooks_flag":true,"daub_adaptive_subsampling_max_mem_usage":15000000000,"holdout_param":0.1,"label":"diagnosis","learning_type":"classification","max_num_daub_ensembles":2,"positive_label":"M","run_cognito_flag":true,"scorer_for_ranking":"roc_auc","train_sample_columns_index_list":[1,2,3,4,5,6,7,8,9,10,11,12,13,14,15,16,17,18,19,20,21,22,23,24,25,26,27,28,29,30]},"one_vs_all_file":true},"runtime_ref":"autoai","type":"execution_node"}],"runtime_ref":"hybrid"}],"primary_pipeline":"autoai","runtimes":[{"app_data":{"wml_data":{"hardware_spec":{"base_id":"a6c4923b-b8e4-444c-9f43-8a7ec3020110","name":"L"}}},"id":"autoai","name":"auto_ai.kb"}],"version":"2.0"},"ml_version":"4.0.0"}}}
